metric,score
F1-Score,0.8003379844253123
AUC-ROC,0.6240786803038972
Avg_Precision,0.9079387450374683
