metric,score
F1-Score,0.8375618146635132
AUC-ROC,0.7413074072847684
Avg_Precision,0.9667659774344051
